{
	"en": {
		"a":"e",
		"b":"p",
		"c":"s",
		"d":"b",
		"e":"a",
		"f":"t",
		"g":"q",
		"h":"r",
		"i":"j",
		"j":"i",
		"k":"c",
		"l":"t",
		"m":"w",
		"n":"r",
		"o":"u",
		"p":"q",
		"q":"p",
		"r":"n",
		"s":"c",
		"t":"l",
		"u":"o",
		"v":"y",
		"w":"v",
		"x":"z",
		"y":"v",
		"z":"x"
	},
	"de": {
		"a":"e",
		"ä":"a",
		"à":"a",
		"â":"a",
		"b":"p",
		"c":"s",
		"ç":"s",
		"d":"b",
		"e":"a",
		"é":"e",
		"è":"e",
		"ê":"e",
		"f":"t",
		"g":"q",
		"h":"r",
		"i":"j",
		"j":"i",
		"k":"c",
		"l":"t",
		"m":"w",
		"n":"r",
		"o":"u",
		"ö":"u",
		"ô":"o",
		"p":"q",
		"q":"p",
		"r":"n",
		"s":"c",
		"ß":"s",
		"t":"l",
		"u":"o",
		"ü":"u",
		"ù":"u",
		"v":"y",
		"w":"v",
		"x":"z",
		"y":"v",
		"z":"x"
	}
}